Entity,Code,2000,2001,2002,2003,2004,2005,2006,2007,2008,2009,2010,2011,2012,2013,2014,2015,2016,2017,2018,2019
Afghanistan,AFG,55.841,56.308,56.784,57.271,57.772,58.29,58.826,59.375,59.93,60.484,61.028,61.553,62.054,62.525,62.966,63.377,63.763,64.13,64.486,64.833
Africa,,52.705,52.995,53.368,53.827,54.367,54.982,55.661,56.382,57.121,57.858,58.576,59.263,59.914,60.527,61.093,61.607,62.064,62.472,62.839,63.17
Albania,ALB,73.955,74.288,74.579,74.828,75.039,75.228,75.423,75.646,75.912,76.221,76.562,76.914,77.252,77.554,77.813,78.025,78.194,78.333,78.458,78.573
Algeria,DZA,70.64,71.116,71.605,72.101,72.594,73.072,73.521,73.936,74.311,74.644,74.938,75.199,75.436,75.661,75.878,76.09,76.298,76.499,76.693,76.88
American Samoa,ASM,71.184,71.222,71.305,71.439,71.624,71.853,72.116,72.392,72.661,72.911,73.126,73.295,73.419,73.506,73.559,73.588,73.609,73.636,73.679,73.745
Americas,,73.572,73.819,74.061,74.299,74.532,74.759,74.982,75.199,75.407,75.606,75.791,75.957,76.103,76.231,76.343,76.443,76.537,76.629,76.728,76.835
Andorra,AND,78.857,79.18,79.468,79.713,79.919,80.103,80.292,80.515,80.785,81.104,81.461,81.837,82.202,82.536,82.828,83.073,83.274,83.443,83.594,83.732
Angola,AGO,46.522,47.059,47.702,48.44,49.263,50.165,51.143,52.177,53.243,54.311,55.35,56.33,57.236,58.054,58.776,59.398,59.925,60.379,60.782,61.147
Anguilla,AIA,77.72,78.14,78.578,79.008,79.414,79.782,80.099,80.367,80.589,80.766,80.903,81.007,81.09,81.165,81.243,81.332,81.441,81.568,81.714,81.877
Antigua and Barbuda,ATG,73.94,74.171,74.395,74.613,74.821,75.019,75.204,75.376,75.535,75.683,75.823,75.956,76.087,76.218,76.349,76.483,76.617,76.752,76.885,77.016
Argentina,ARG,73.576,73.755,73.932,74.107,74.28,74.451,74.62,74.787,74.952,75.116,75.278,75.439,75.598,75.756,75.913,76.068,76.221,76.372,76.52,76.667
Armenia,ARM,71.409,71.8,72.112,72.348,72.513,72.626,72.716,72.815,72.946,73.118,73.331,73.572,73.82,74.056,74.273,74.467,74.64,74.797,74.945,75.087
Aruba,ABW,73.787,73.853,73.937,74.038,74.156,74.287,74.429,74.576,74.725,74.872,75.017,75.158,75.299,75.441,75.583,75.725,75.868,76.01,76.152,76.293
Asia,,67.432,67.786,68.139,68.489,68.835,69.179,69.525,69.876,70.231,70.591,70.951,71.309,71.659,71.997,72.319,72.62,72.897,73.15,73.381,73.593
Australia,AUS,79.592,79.886,80.174,80.451,80.711,80.952,81.174,81.381,81.577,81.764,81.944,82.119,82.291,82.46,82.627,82.794,82.959,83.122,83.281,83.436
Austria,AUT,78.239,78.518,78.791,79.059,79.318,79.567,79.806,80.032,80.246,80.444,80.622,80.776,80.906,81.013,81.103,81.182,81.258,81.34,81.434,81.544
Azerbaijan,AZE,66.763,67.054,67.391,67.791,68.249,68.747,69.259,69.752,70.201,70.597,70.938,71.234,71.506,71.768,72.022,72.266,72.493,72.693,72.864,73.005
Bahamas,BHS,71.914,71.954,71.977,71.986,71.988,71.987,71.988,71.998,72.022,72.067,72.144,72.263,72.424,72.62,72.847,73.088,73.329,73.554,73.752,73.918
Bahrain,BHR,74.44,74.635,74.822,74.999,75.167,75.326,75.478,75.625,75.77,75.913,76.057,76.2,76.342,76.484,76.624,76.762,76.899,77.032,77.163,77.292
Bangladesh,BGD,65.447,65.956,66.43,66.886,67.331,67.773,68.213,68.648,69.072,69.485,69.881,70.256,70.606,70.93,71.231,71.514,71.785,72.052,72.32,72.591
Barbados,BRB,77.162,77.362,77.534,77.682,77.808,77.915,78.009,78.097,78.184,78.272,78.364,78.456,78.547,78.633,78.717,78.801,78.888,78.981,79.081,79.19
Belarus,BLR,67.364,67.458,67.612,67.809,68.044,68.327,68.678,69.107,69.616,70.189,70.806,71.443,72.07,72.659,73.192,73.652,74.031,74.34,74.59,74.791
Belgium,BEL,77.867,78.071,78.285,78.509,78.74,78.975,79.211,79.441,79.662,79.873,80.072,80.261,80.444,80.622,80.797,80.969,81.139,81.305,81.468,81.628
Belize,BLZ,68.847,69.04,69.272,69.511,69.749,69.998,70.286,70.636,71.059,71.541,72.057,72.57,73.044,73.452,73.782,74.034,74.219,74.365,74.496,74.623
Benin,BEN,55.391,55.668,56.025,56.436,56.887,57.355,57.817,58.255,58.654,59.009,59.318,59.59,59.842,60.092,60.345,60.608,60.885,61.174,61.47,61.771
Bermuda,BMU,78.416,78.705,78.988,79.273,79.56,79.847,80.128,80.396,80.645,80.875,81.087,81.284,81.471,81.652,81.828,81.999,82.163,82.316,82.459,82.593
Bhutan,BTN,60.884,61.808,62.728,63.624,64.483,65.289,66.031,66.709,67.325,67.882,68.384,68.84,69.263,69.662,70.046,70.419,70.781,71.129,71.46,71.777
Bolivia,BOL,62.452,63.054,63.64,64.21,64.766,65.312,65.853,66.395,66.937,67.476,68.007,68.521,69.01,69.468,69.891,70.277,70.626,70.945,71.239,71.513
Bonaire Sint Eustatius and Saba,BES,74.419,74.548,74.72,74.926,75.158,75.402,75.638,75.853,76.037,76.19,76.319,76.435,76.556,76.694,76.854,77.033,77.225,77.42,77.608,77.788
Bosnia and Herzegovina,BIH,74.403,74.637,74.803,74.941,75.068,75.198,75.342,75.498,75.665,75.844,76.031,76.219,76.401,76.569,76.723,76.865,76.998,77.128,77.262,77.401
Botswana,BWA,50.629,50.281,50.232,50.518,51.15,52.13,53.435,54.983,56.679,58.447,60.211,61.91,63.511,64.976,66.265,67.338,68.178,68.812,69.275,69.592
Brazil,BRA,70.116,70.462,70.813,71.17,71.531,71.896,72.26,72.618,72.966,73.3,73.619,73.921,74.209,74.483,74.745,74.994,75.23,75.456,75.672,75.881
British Virgin Islands,VGB,76.852,77.016,77.144,77.241,77.312,77.368,77.416,77.466,77.526,77.603,77.699,77.817,77.951,78.096,78.25,78.411,78.576,78.742,78.907,79.069
Brunei,BRN,72.809,73.076,73.332,73.575,73.801,74.006,74.189,74.351,74.494,74.623,74.74,74.852,74.962,75.075,75.193,75.318,75.45,75.585,75.722,75.86
Bulgaria,BGR,71.501,71.744,71.994,72.237,72.463,72.673,72.874,73.077,73.287,73.504,73.722,73.932,74.126,74.3,74.451,74.584,74.703,74.815,74.928,75.046
Burkina Faso,BFA,50.489,50.893,51.384,51.956,52.602,53.31,54.063,54.841,55.618,56.377,57.096,57.761,58.374,58.937,59.45,59.919,60.354,60.768,61.174,61.577
Burundi,BDI,49.091,49.93,50.81,51.69,52.547,53.369,54.163,54.944,55.721,56.488,57.228,57.925,58.568,59.148,59.665,60.123,60.528,60.898,61.247,61.584
Cambodia,KHM,58.432,59.335,60.283,61.241,62.186,63.088,63.927,64.697,65.394,66.014,66.56,67.043,67.48,67.888,68.273,68.637,68.977,69.289,69.57,69.823
Cameroon,CMR,50.993,51.222,51.536,51.908,52.321,52.76,53.215,53.681,54.153,54.627,55.101,55.581,56.073,56.576,57.083,57.583,58.063,58.511,58.921,59.292
Canada,CAN,79.118,79.341,79.567,79.793,80.015,80.235,80.454,80.675,80.897,81.114,81.322,81.51,81.674,81.812,81.927,82.026,82.117,82.21,82.315,82.434
Cape Verde,CPV,68.583,69.099,69.557,69.932,70.219,70.424,70.565,70.676,70.786,70.911,71.062,71.243,71.445,71.661,71.886,72.117,72.347,72.57,72.782,72.981
Cayman Islands,CYM,78.949,79.335,79.739,80.158,80.587,81.009,81.407,81.765,82.075,82.334,82.546,82.72,82.875,83.023,83.171,83.324,83.48,83.633,83.781,83.924
Central African Republic,CAF,44.19,44.061,44.063,44.182,44.413,44.744,45.158,45.636,46.161,46.719,47.312,47.95,48.638,49.371,50.129,50.881,51.593,52.24,52.805,53.283
Chad,TCD,47.713,47.789,47.9,48.057,48.27,48.549,48.907,49.335,49.82,50.346,50.89,51.424,51.928,52.386,52.789,53.137,53.438,53.712,53.977,54.239
Channel Islands,OWID_CIS,79.037,79.3,79.548,79.795,80.045,80.298,80.553,80.802,81.041,81.268,81.483,81.688,81.883,82.071,82.252,82.429,82.6,82.766,82.928,83.086
Chile,CHL,76.366,76.634,76.894,77.146,77.391,77.63,77.865,78.099,78.33,78.558,78.779,78.986,79.176,79.349,79.504,79.646,79.779,79.909,80.042,80.181
China,CHN,71.397,71.732,72.061,72.381,72.689,72.985,73.271,73.553,73.835,74.119,74.409,74.708,75.013,75.321,75.629,75.928,76.21,76.47,76.704,76.912
Colombia,COL,72.945,73.241,73.517,73.777,74.026,74.265,74.5,74.732,74.962,75.193,75.424,75.655,75.882,76.105,76.322,76.531,76.732,76.925,77.109,77.287
Comoros,COM,59.46,59.529,59.617,59.738,59.904,60.126,60.407,60.734,61.094,61.475,61.862,62.24,62.595,62.922,63.214,63.471,63.7,63.912,64.118,64.321
Congo,COG,52.123,52.517,53.091,53.817,54.667,55.6,56.573,57.541,58.466,59.321,60.093,60.785,61.423,62.022,62.582,63.097,63.556,63.954,64.29,64.57
Cook Islands,COK,71.596,71.878,72.161,72.443,72.722,72.996,73.264,73.523,73.775,74.019,74.256,74.489,74.721,74.951,75.181,75.409,75.631,75.845,76.05,76.246
Costa Rica,CRI,77.452,77.601,77.74,77.871,77.996,78.117,78.239,78.362,78.491,78.626,78.769,78.919,79.074,79.234,79.398,79.565,79.738,79.914,80.095,80.279
Cote d'Ivoire,CIV,49.635,49.495,49.475,49.572,49.788,50.12,50.561,51.091,51.682,52.313,52.964,53.62,54.271,54.906,55.508,56.065,56.567,57.017,57.422,57.783
Croatia,HRV,74.794,74.881,74.972,75.091,75.247,75.447,75.688,75.956,76.236,76.52,76.797,77.059,77.301,77.521,77.717,77.892,78.049,78.197,78.342,78.488
Cuba,CUB,76.699,76.905,77.105,77.303,77.499,77.688,77.864,78.019,78.15,78.256,78.338,78.4,78.446,78.485,78.521,78.561,78.607,78.662,78.726,78.802
Curacao,CUW,74.702,74.797,74.92,75.071,75.25,75.463,75.713,75.996,76.307,76.634,76.964,77.283,77.578,77.842,78.072,78.268,78.435,78.587,78.733,78.88
Cyprus,CYP,78.009,78.139,78.264,78.385,78.506,78.63,78.764,78.91,79.071,79.245,79.43,79.621,79.812,79.999,80.178,80.35,80.513,80.672,80.828,80.982
Czechia,CZE,74.899,75.167,75.434,75.707,75.987,76.272,76.557,76.837,77.107,77.365,77.61,77.843,78.067,78.283,78.492,78.692,78.881,79.058,79.222,79.376
Democratic Republic of Congo,COD,50.041,50.667,51.385,52.144,52.917,53.675,54.401,55.091,55.743,56.35,56.909,57.427,57.914,58.381,58.828,59.254,59.655,60.026,60.368,60.681
Denmark,DNK,76.712,76.953,77.195,77.439,77.684,77.936,78.204,78.49,78.793,79.107,79.416,79.704,79.958,80.171,80.342,80.475,80.583,80.681,80.784,80.898
Djibouti,DJI,57.022,57.1,57.235,57.427,57.682,57.991,58.34,58.719,59.124,59.561,60.062,60.667,61.395,62.239,63.171,64.136,65.064,65.893,66.582,67.112
Dominica,DMA,74.425,74.547,74.655,74.749,74.82,74.853,74.83,74.746,74.612,74.441,74.262,74.111,74.017,73.998,74.059,74.194,74.384,74.597,74.806,75
Dominican Republic,DOM,69.429,69.69,69.957,70.227,70.499,70.771,71.041,71.304,71.559,71.806,72.046,72.284,72.523,72.763,73.003,73.241,73.471,73.689,73.892,74.081
Ecuador,ECU,72.761,73.078,73.371,73.641,73.887,74.112,74.319,74.514,74.705,74.895,75.089,75.289,75.495,75.707,75.923,76.143,76.365,76.584,76.8,77.01
Egypt,EGY,68.602,68.796,68.961,69.116,69.271,69.434,69.608,69.788,69.971,70.159,70.349,70.543,70.736,70.928,71.117,71.302,71.482,71.656,71.825,71.99
El Salvador,SLV,68.875,69.162,69.432,69.68,69.908,70.124,70.333,70.542,70.756,70.978,71.21,71.449,71.692,71.935,72.175,72.412,72.644,72.872,73.096,73.317
Equatorial Guinea,GNQ,53.279,53.581,53.84,54.064,54.263,54.449,54.638,54.842,55.07,55.329,55.622,55.945,56.288,56.642,57.001,57.359,57.713,58.061,58.402,58.735
Eritrea,ERI,55.273,55.864,56.5,57.191,57.932,58.707,59.487,60.243,60.952,61.602,62.193,62.732,63.238,63.726,64.201,64.664,65.111,65.538,65.941,66.321
Estonia,EST,70.409,70.845,71.285,71.728,72.169,72.62,73.094,73.603,74.148,74.723,75.311,75.893,76.446,76.953,77.401,77.783,78.097,78.354,78.567,78.745
Eswatini,SWZ,47.49,45.799,44.41,43.372,42.731,42.518,42.733,43.308,44.17,45.275,46.601,48.141,49.862,51.699,53.569,55.359,56.962,58.319,59.401,60.194
Ethiopia,ETH,51.941,52.595,53.349,54.211,55.174,56.223,57.334,58.467,59.581,60.645,61.627,62.505,63.281,63.961,64.547,65.048,65.482,65.872,66.24,66.597
Europe,,73.372,73.527,73.709,73.924,74.173,74.457,74.778,75.129,75.501,75.884,76.265,76.634,76.981,77.301,77.588,77.839,78.057,78.25,78.425,78.587
Faeroe Islands,FRO,78.628,78.866,79.043,79.159,79.221,79.245,79.251,79.263,79.299,79.368,79.47,79.598,79.736,79.872,80.003,80.13,80.255,80.383,80.52,80.666
Falkland Islands,FLK,77.861,78.116,78.377,78.637,78.891,79.135,79.364,79.577,79.775,79.958,80.128,80.286,80.437,80.585,80.731,80.876,81.021,81.163,81.304,81.442
Fiji,FJI,65.687,65.863,66.022,66.152,66.247,66.313,66.362,66.413,66.477,66.559,66.655,66.759,66.859,66.95,67.03,67.103,67.175,67.252,67.341,67.444
Finland,FIN,77.779,78.028,78.272,78.51,78.745,78.977,79.208,79.44,79.672,79.906,80.137,80.365,80.586,80.799,81.002,81.196,81.382,81.561,81.736,81.908
France,FRA,79.008,79.246,79.496,79.755,80.021,80.291,80.558,80.819,81.067,81.299,81.508,81.692,81.852,81.992,82.114,82.224,82.328,82.432,82.541,82.659
French Guiana,GUF,75.248,75.658,76.069,76.471,76.858,77.226,77.574,77.905,78.219,78.511,78.775,79.001,79.189,79.339,79.458,79.555,79.642,79.731,79.832,79.952
French Polynesia,PYF,72.303,72.658,73.017,73.382,73.751,74.116,74.466,74.793,75.092,75.363,75.611,75.844,76.074,76.307,76.546,76.787,77.024,77.251,77.462,77.657
Gabon,GAB,58.264,57.968,57.791,57.759,57.885,58.181,58.641,59.229,59.904,60.637,61.4,62.168,62.924,63.648,64.318,64.913,65.418,65.839,66.187,66.467
Gambia,GMB,55.956,56.359,56.761,57.159,57.553,57.939,58.313,58.671,59.012,59.334,59.637,59.917,60.178,60.426,60.667,60.91,61.166,61.44,61.735,62.05
Georgia,GEO,69.902,70.065,70.22,70.349,70.451,70.538,70.635,70.765,70.946,71.18,71.46,71.773,72.097,72.412,72.707,72.973,73.207,73.414,73.6,73.767
Germany,DEU,77.982,78.245,78.502,78.752,78.993,79.222,79.435,79.631,79.81,79.974,80.124,80.261,80.391,80.517,80.642,80.77,80.902,81.039,81.18,81.326
Ghana,GHA,57.002,57.158,57.425,57.785,58.225,58.719,59.234,59.741,60.216,60.645,61.03,61.381,61.72,62.064,62.416,62.772,63.124,63.463,63.78,64.074
Gibraltar,GIB,75.281,75.605,76.006,76.461,76.949,77.436,77.884,78.268,78.573,78.793,78.935,79.022,79.085,79.154,79.24,79.351,79.485,79.63,79.778,79.927
Greece,GRC,78.587,78.789,78.992,79.189,79.378,79.563,79.746,79.934,80.13,80.333,80.542,80.754,80.963,81.166,81.361,81.548,81.727,81.901,82.072,82.239
Greenland,GRL,66.065,66.515,67,67.493,67.978,68.443,68.886,69.308,69.71,70.085,70.422,70.711,70.951,71.144,71.294,71.407,71.493,71.565,71.632,71.704
Grenada,GRD,72.648,72.805,72.929,73.023,73.088,73.123,73.125,73.096,73.038,72.96,72.867,72.768,72.669,72.579,72.503,72.445,72.408,72.388,72.384,72.397
Guadeloupe,GLP,77.077,77.395,77.713,78.031,78.345,78.654,78.951,79.233,79.5,79.752,79.994,80.232,80.472,80.718,80.968,81.22,81.469,81.708,81.931,82.138
Guam,GUM,75.011,75.373,75.726,76.065,76.387,76.687,76.966,77.227,77.474,77.71,77.941,78.173,78.408,78.649,78.895,79.144,79.391,79.631,79.859,80.074
Guatemala,GTM,67.849,68.304,68.717,69.092,69.437,69.762,70.082,70.409,70.75,71.108,71.481,71.861,72.236,72.596,72.935,73.25,73.541,73.81,74.063,74.302
Guinea,GIN,51.203,51.255,51.484,51.901,52.499,53.238,54.052,54.864,55.614,56.279,56.861,57.387,57.905,58.447,59.016,59.598,60.17,60.706,61.185,61.602
Guinea-Bissau,GNB,50.368,50.744,51.123,51.501,51.883,52.275,52.691,53.136,53.612,54.113,54.628,55.144,55.645,56.117,56.556,56.959,57.328,57.673,58.003,58.322
Guyana,GUY,65.242,65.532,65.828,66.122,66.412,66.694,66.972,67.247,67.521,67.792,68.059,68.321,68.575,68.819,69.049,69.262,69.454,69.624,69.774,69.906
Haiti,HTI,57.131,57.382,57.655,57.959,58.292,58.652,59.028,59.408,59.782,60.148,60.511,60.879,61.26,61.658,62.069,62.485,62.896,63.29,63.66,64.001
Honduras,HND,70.689,70.976,71.249,71.511,71.77,72.026,72.285,72.544,72.803,73.061,73.317,73.569,73.814,74.051,74.278,74.495,74.701,74.898,75.088,75.27
Hong Kong,HKG,80.76,81.038,81.291,81.526,81.746,81.953,82.15,82.339,82.525,82.711,82.903,83.109,83.329,83.56,83.801,84.043,84.277,84.493,84.687,84.857
Hungary,HUN,71.721,72.044,72.347,72.63,72.896,73.149,73.397,73.651,73.916,74.195,74.488,74.795,75.107,75.418,75.72,76.006,76.266,76.498,76.701,76.875
Iceland,ISL,79.882,80.183,80.466,80.716,80.927,81.099,81.244,81.377,81.512,81.654,81.801,81.951,82.095,82.231,82.359,82.481,82.601,82.725,82.855,82.993
India,IND,62.505,62.907,63.304,63.699,64.095,64.5,64.918,65.35,65.794,66.244,66.693,67.13,67.545,67.931,68.286,68.607,68.897,69.165,69.416,69.656
Indonesia,IDN,65.772,66.037,66.321,66.631,66.969,67.334,67.717,68.105,68.485,68.853,69.205,69.542,69.866,70.179,70.481,70.768,71.035,71.282,71.509,71.716
Iran,IRN,70.176,70.553,70.921,71.265,71.592,71.917,72.257,72.626,73.027,73.457,73.905,74.352,74.776,75.162,75.502,75.796,76.047,76.271,76.479,76.677
Iraq,IRQ,69.082,68.983,68.827,68.636,68.437,68.266,68.157,68.13,68.19,68.34,68.567,68.848,69.148,69.437,69.7,69.929,70.122,70.294,70.454,70.604
Ireland,IRL,76.852,77.227,77.627,78.035,78.439,78.822,79.168,79.475,79.743,79.975,80.182,80.382,80.593,80.823,81.076,81.344,81.615,81.872,82.103,82.305
Isle of Man,IMN,77.757,77.991,78.239,78.497,78.759,79.02,79.27,79.503,79.717,79.91,80.082,80.239,80.386,80.53,80.674,80.82,80.966,81.112,81.255,81.396
Israel,ISR,78.916,79.173,79.44,79.714,79.992,80.269,80.538,80.794,81.035,81.258,81.463,81.653,81.833,82.006,82.175,82.34,82.503,82.663,82.819,82.972
Italy,ITA,79.554,79.852,80.145,80.428,80.698,80.951,81.185,81.4,81.598,81.783,81.958,82.128,82.298,82.471,82.648,82.828,83.008,83.184,83.352,83.512
Jamaica,JAM,74.142,74.139,74.14,74.142,74.146,74.148,74.143,74.129,74.103,74.071,74.038,74.012,74.001,74.01,74.042,74.098,74.175,74.267,74.368,74.475
Japan,JPN,81.171,81.422,81.661,81.883,82.087,82.27,82.431,82.575,82.709,82.838,82.971,83.118,83.283,83.467,83.668,83.879,84.09,84.29,84.47,84.629
Jordan,JOR,71.73,71.907,72.083,72.256,72.427,72.595,72.763,72.931,73.099,73.266,73.428,73.581,73.722,73.851,73.969,74.078,74.184,74.292,74.405,74.526
Kazakhstan,KAZ,63.467,63.79,64.157,64.525,64.876,65.211,65.543,65.906,66.325,66.81,67.378,68.047,68.805,69.628,70.483,71.319,72.081,72.728,73.236,73.597
Kenya,KEN,50.921,51.101,51.606,52.41,53.475,54.732,56.093,57.463,58.76,59.932,60.959,61.851,62.659,63.419,64.135,64.798,65.393,65.909,66.342,66.699
Kiribati,KIR,63.144,63.446,63.731,63.995,64.242,64.478,64.712,64.953,65.208,65.48,65.769,66.072,66.381,66.69,66.995,67.291,67.577,67.851,68.116,68.369
Kuwait,KWT,73.142,73.21,73.28,73.355,73.439,73.538,73.66,73.807,73.976,74.162,74.358,74.55,74.728,74.885,75.019,75.13,75.224,75.311,75.398,75.489
Kyrgyzstan,KGZ,66.338,66.503,66.657,66.792,66.912,67.046,67.236,67.51,67.879,68.336,68.849,69.376,69.868,70.289,70.626,70.876,71.054,71.193,71.321,71.45
Laos,LAO,58.803,59.372,59.937,60.502,61.065,61.625,62.182,62.731,63.271,63.797,64.306,64.797,65.267,65.717,66.144,66.546,66.924,67.277,67.61,67.923
Latin America and the Caribbean,,71.5,71.808,72.103,72.383,72.648,72.898,73.134,73.357,73.572,73.778,73.977,74.167,74.348,74.522,74.69,74.852,75.012,75.169,75.327,75.486
Latvia,LVA,69.726,70.106,70.429,70.698,70.917,71.114,71.331,71.602,71.949,72.368,72.838,73.323,73.778,74.172,74.491,74.733,74.91,75.048,75.172,75.292
Lebanon,LBN,74.507,74.999,75.488,75.969,76.432,76.865,77.26,77.609,77.911,78.161,78.36,78.507,78.611,78.683,78.732,78.768,78.8,78.833,78.875,78.93
Lesotho,LSO,47.691,46.197,44.898,43.845,43.083,42.658,42.595,42.854,43.384,44.146,45.1,46.207,47.416,48.663,49.891,51.038,52.059,52.947,53.705,54.331
Liberia,LBR,51.734,52.236,52.826,53.554,54.422,55.393,56.4,57.365,58.229,58.971,59.6,60.146,60.663,61.186,61.723,62.269,62.802,63.295,63.73,64.104
Libya,LBY,70.852,71.038,71.244,71.466,71.693,71.902,72.063,72.155,72.174,72.129,72.044,71.956,71.901,71.907,71.981,72.121,72.311,72.52,72.724,72.913
Liechtenstein,LIE,78.582,79.001,79.43,79.853,80.256,80.621,80.938,81.204,81.421,81.589,81.714,81.801,81.865,81.919,81.973,82.039,82.124,82.228,82.351,82.494
Lithuania,LTU,70.967,71.205,71.392,71.527,71.619,71.692,71.784,71.929,72.15,72.451,72.826,73.256,73.706,74.145,74.556,74.923,75.238,75.507,75.737,75.933
Luxembourg,LUX,77.652,77.91,78.161,78.406,78.645,78.888,79.145,79.421,79.718,80.032,80.352,80.664,80.955,81.215,81.442,81.636,81.803,81.955,82.102,82.25
Macao,MAC,80.407,80.645,80.87,81.089,81.304,81.523,81.748,81.981,82.22,82.462,82.704,82.938,83.158,83.361,83.543,83.707,83.854,83.989,84.118,84.244
Madagascar,MDG,58.485,59.129,59.717,60.256,60.752,61.212,61.65,62.079,62.509,62.944,63.388,63.836,64.28,64.713,65.133,65.539,65.931,66.311,66.681,67.041
Malawi,MWI,45.09,45.204,45.517,46.052,46.823,47.844,49.118,50.595,52.206,53.888,55.564,57.161,58.629,59.931,61.042,61.953,62.681,63.279,63.798,64.263
Malaysia,MYS,72.594,72.782,72.976,73.17,73.364,73.555,73.744,73.931,74.118,74.305,74.493,74.683,74.877,75.072,75.268,75.461,75.649,75.828,75.997,76.156
Maldives,MDV,70.173,70.964,71.708,72.399,73.034,73.612,74.138,74.621,75.073,75.499,75.905,76.293,76.664,77.018,77.36,77.691,78.013,78.325,78.627,78.921
Mali,MLI,48.069,48.758,49.54,50.373,51.224,52.057,52.839,53.553,54.193,54.756,55.251,55.701,56.135,56.578,57.036,57.509,57.987,58.452,58.893,59.306
Malta,MLT,79.05,79.217,79.38,79.539,79.697,79.861,80.036,80.225,80.428,80.644,80.868,81.094,81.314,81.522,81.716,81.896,82.063,82.221,82.376,82.53
Marshall Islands,MHL,68.423,68.763,69.075,69.374,69.668,69.962,70.256,70.548,70.836,71.121,71.403,71.686,71.968,72.247,72.523,72.789,73.042,73.278,73.496,73.696
Martinique,MTQ,78.197,78.502,78.792,79.065,79.321,79.562,79.791,80.013,80.23,80.447,80.664,80.883,81.103,81.322,81.539,81.753,81.962,82.164,82.359,82.545
Mauritania,MRT,60.706,60.788,60.892,61.018,61.17,61.349,61.552,61.776,62.015,62.266,62.527,62.799,63.079,63.366,63.654,63.936,64.208,64.464,64.704,64.925
Mauritius,MUS,71.2,71.51,71.806,72.062,72.272,72.446,72.606,72.777,72.977,73.208,73.46,73.718,73.96,74.173,74.352,74.5,74.626,74.743,74.863,74.991
Mayotte,MYT,75.686,76.004,76.318,76.626,76.929,77.232,77.541,77.854,78.169,78.475,78.758,78.997,79.181,79.308,79.379,79.408,79.409,79.405,79.417,79.455
Mexico,MEX,74.34,74.658,74.922,75.118,75.243,75.3,75.296,75.255,75.194,75.128,75.065,75.011,74.966,74.93,74.908,74.904,74.917,74.947,74.992,75.054
Micronesia (country),FSM,64.55,64.71,64.888,65.08,65.282,65.489,65.697,65.901,66.099,66.29,66.471,66.646,66.817,66.986,67.152,67.315,67.471,67.618,67.755,67.883
Moldova,MDA,67.006,67.185,67.362,67.521,67.665,67.82,68.022,68.302,68.671,69.119,69.616,70.119,70.581,70.968,71.267,71.478,71.617,71.717,71.808,71.901
Monaco,MCO,80.929,81.676,82.337,82.867,83.253,83.503,83.649,83.752,83.865,84.01,84.207,84.462,84.758,85.077,85.41,85.739,86.049,86.325,86.56,86.751
Mongolia,MNG,62.869,63.319,63.777,64.23,64.671,65.103,65.538,65.985,66.447,66.916,67.38,67.818,68.217,68.566,68.863,69.111,69.321,69.509,69.689,69.87
Montenegro,MNE,73.228,73.233,73.285,73.37,73.486,73.642,73.85,74.115,74.43,74.784,75.151,75.505,75.823,76.089,76.297,76.452,76.568,76.667,76.77,76.884
Montserrat,MSR,72.658,72.505,72.391,72.316,72.282,72.295,72.356,72.459,72.597,72.766,72.969,73.214,73.496,73.797,74.093,74.339,74.483,74.501,74.388,74.158
Morocco,MAR,68.684,69.193,69.769,70.399,71.067,71.746,72.403,73.009,73.546,74.003,74.382,74.696,74.97,75.227,75.477,75.726,75.974,76.218,76.453,76.68
Mozambique,MOZ,48.946,49.295,49.61,49.889,50.143,50.387,50.641,50.934,51.292,51.738,52.31,53.043,53.931,54.949,56.062,57.206,58.309,59.309,60.163,60.854
Myanmar,MMR,60.063,60.377,60.685,60.989,61.294,61.607,61.938,62.294,62.678,63.089,63.525,63.983,64.453,64.921,65.378,65.81,66.205,66.558,66.867,67.134
Namibia,NAM,52.192,51.399,50.862,50.589,50.6,50.931,51.609,52.593,53.817,55.207,56.665,58.085,59.387,60.513,61.425,62.119,62.625,63.021,63.373,63.708
Nauru,NRU,58.954,59.039,59.043,58.962,58.811,58.634,58.488,58.421,58.463,58.616,58.852,59.126,59.38,59.574,59.698,59.758,59.781,59.805,59.863,59.962
Nepal,NPL,62.288,62.945,63.57,64.165,64.729,65.264,65.773,66.26,66.727,67.178,67.611,68.028,68.426,68.806,69.168,69.515,69.848,70.169,70.478,70.778
Netherlands,NLD,78.187,78.373,78.59,78.837,79.11,79.401,79.702,80.001,80.287,80.554,80.797,81.015,81.212,81.392,81.559,81.715,81.862,82.004,82.143,82.283
New Caledonia,NCL,73.52,73.762,73.995,74.221,74.44,74.657,74.874,75.093,75.316,75.541,75.769,75.994,76.215,76.428,76.632,76.827,77.014,77.196,77.374,77.55
New Zealand,NZL,78.324,78.62,78.914,79.2,79.474,79.734,79.981,80.216,80.441,80.656,80.86,81.052,81.233,81.402,81.561,81.713,81.859,82.002,82.145,82.288
Nicaragua,NIC,69.527,69.934,70.308,70.64,70.933,71.195,71.436,71.673,71.915,72.167,72.428,72.692,72.951,73.197,73.429,73.649,73.86,74.068,74.275,74.485
Niger,NER,49.928,50.584,51.256,51.95,52.668,53.411,54.18,54.968,55.764,56.557,57.333,58.081,58.79,59.455,60.07,60.631,61.137,61.599,62.024,62.42
Nigeria,NGA,46.267,46.51,46.835,47.242,47.72,48.252,48.812,49.373,49.913,50.422,50.896,51.346,51.786,52.228,52.672,53.112,53.541,53.95,54.332,54.687
Niue,NIU,70.593,70.794,70.995,71.195,71.396,71.592,71.782,71.962,72.13,72.287,72.434,72.575,72.712,72.851,72.992,73.135,73.279,73.424,73.567,73.708
North Korea,PRK,65.268,66.087,66.925,67.615,68.102,68.389,68.54,68.675,68.884,69.185,69.571,70.012,70.454,70.853,71.198,71.481,71.711,71.91,72.095,72.274
North Macedonia,MKD,73.267,73.47,73.642,73.781,73.892,73.986,74.08,74.19,74.324,74.484,74.662,74.846,75.019,75.171,75.299,75.406,75.498,75.589,75.688,75.797
Northern America,,77.033,77.191,77.359,77.539,77.73,77.931,78.14,78.352,78.557,78.749,78.916,79.049,79.143,79.2,79.224,79.223,79.21,79.198,79.199,79.221
Northern Mariana Islands,MNP,73.718,73.864,73.937,73.965,73.962,73.939,73.904,73.865,73.836,73.834,73.885,74.014,74.226,74.517,74.876,75.279,75.694,76.089,76.44,76.735
Norway,NOR,78.793,79.01,79.237,79.474,79.72,79.972,80.225,80.475,80.717,80.945,81.156,81.345,81.512,81.66,81.792,81.912,82.029,82.146,82.271,82.404
Oceania,,74.247,74.507,74.776,75.048,75.321,75.591,75.854,76.109,76.355,76.591,76.82,77.043,77.264,77.484,77.704,77.92,78.132,78.336,78.529,78.71
Oman,OMN,72.126,72.58,73.022,73.447,73.851,74.23,74.577,74.893,75.179,75.44,75.682,75.916,76.149,76.388,76.634,76.887,77.142,77.393,77.633,77.861
Pakistan,PAK,62.82,63.066,63.3,63.522,63.736,63.951,64.176,64.42,64.685,64.969,65.264,65.562,65.849,66.117,66.36,66.577,66.77,66.947,67.114,67.273
Palau,PLW,68.335,68.635,68.951,69.271,69.592,69.908,70.218,70.523,70.822,71.116,71.406,71.695,71.984,72.274,72.559,72.834,73.089,73.32,73.524,73.701
Palestine,PSE,71.022,71.239,71.447,71.648,71.842,72.028,72.203,72.366,72.517,72.656,72.788,72.915,73.041,73.17,73.303,73.442,73.589,73.74,73.895,74.053
Panama,PAN,75.06,75.233,75.401,75.565,75.728,75.892,76.06,76.234,76.414,76.6,76.792,76.989,77.188,77.386,77.583,77.776,77.964,78.149,78.329,78.506
Papua New Guinea,PNG,59.265,59.487,59.722,59.974,60.245,60.534,60.836,61.141,61.442,61.739,62.029,62.316,62.604,62.892,63.181,63.466,63.744,64.01,64.263,64.501
Paraguay,PRY,70.546,70.786,71.023,71.249,71.464,71.667,71.862,72.055,72.251,72.45,72.653,72.86,73.068,73.274,73.473,73.662,73.836,73.992,74.131,74.254
Peru,PER,71.111,71.505,71.882,72.24,72.581,72.908,73.222,73.528,73.826,74.12,74.41,74.697,74.981,75.258,75.529,75.792,76.044,76.286,76.516,76.736
Philippines,PHL,68.793,68.835,68.88,68.937,69.013,69.112,69.233,69.37,69.515,69.667,69.823,69.984,70.149,70.315,70.481,70.644,70.802,70.952,71.095,71.231
Poland,POL,73.7,74.052,74.367,74.644,74.884,75.099,75.306,75.523,75.765,76.034,76.33,76.647,76.968,77.282,77.582,77.859,78.11,78.338,78.544,78.73
Portugal,PRT,76.749,77.075,77.413,77.759,78.107,78.451,78.786,79.11,79.421,79.716,79.995,80.26,80.513,80.758,80.995,81.224,81.444,81.655,81.857,82.049
Puerto Rico,PRI,75.828,76.199,76.549,76.871,77.16,77.417,77.653,77.88,78.108,78.34,78.572,78.797,79.006,79.196,79.366,79.52,79.664,79.806,79.952,80.104
Qatar,QAT,77.467,77.612,77.762,77.919,78.083,78.252,78.425,78.601,78.775,78.945,79.108,79.26,79.399,79.527,79.646,79.758,79.868,79.981,80.1,80.227
Reunion,REU,76.077,76.382,76.68,76.97,77.253,77.533,77.815,78.1,78.386,78.669,78.936,79.173,79.371,79.532,79.66,79.775,79.899,80.052,80.247,80.484
Romania,ROU,70.47,70.824,71.194,71.561,71.917,72.262,72.605,72.956,73.322,73.695,74.066,74.42,74.744,75.029,75.272,75.476,75.644,75.79,75.924,76.054
Russia,RUS,65.082,64.995,65.005,65.131,65.38,65.752,66.238,66.807,67.426,68.07,68.715,69.343,69.944,70.508,71.018,71.464,71.835,72.139,72.386,72.584
Rwanda,RWA,48.649,49.936,50.987,52.178,53.595,55.254,57.083,58.915,60.612,62.129,63.433,64.523,65.438,66.219,66.884,67.45,67.93,68.341,68.7,69.024
Saint Barthlemy,,77.112,77.425,77.736,78.043,78.345,78.639,78.919,79.186,79.438,79.677,79.908,80.139,80.374,80.615,80.863,81.114,81.362,81.599,81.82,82.023
Saint Helena,SHN,78.234,78.445,78.627,78.782,78.915,79.035,79.156,79.285,79.427,79.581,79.738,79.882,80.002,80.091,80.154,80.202,80.251,80.321,80.422,80.558
Saint Kitts and Nevis,KNA,70.832,71.375,71.899,72.366,72.758,73.077,73.338,73.573,73.808,74.051,74.305,74.568,74.829,75.078,75.314,75.532,75.73,75.91,76.075,76.226
Saint Lucia,LCA,73.319,73.486,73.648,73.808,73.966,74.122,74.276,74.426,74.571,74.712,74.852,74.993,75.138,75.286,75.44,75.596,75.752,75.907,76.057,76.203
Saint Martin (French part),MAF,76.951,77.273,77.589,77.9,78.206,78.504,78.788,79.058,79.313,79.557,79.794,80.035,80.285,80.546,80.817,81.092,81.364,81.622,81.86,82.076
Saint Pierre and Miquelon,SPM,78.854,78.919,78.974,79.044,79.136,79.255,79.396,79.544,79.688,79.827,79.957,80.077,80.192,80.305,80.418,80.533,80.654,80.783,80.921,81.068
Saint Vincent and the Grenadines,VCT,70.809,70.882,70.977,71.087,71.208,71.331,71.449,71.554,71.643,71.716,71.776,71.827,71.879,71.939,72.01,72.095,72.193,72.3,72.415,72.534
Samoa,WSM,68.748,69.103,69.451,69.781,70.089,70.374,70.642,70.901,71.158,71.412,71.663,71.906,72.136,72.351,72.549,72.73,72.895,73.046,73.187,73.321
San Marino,SMR,81.599,81.827,82.024,82.189,82.322,82.438,82.553,82.684,82.845,83.037,83.257,83.495,83.737,83.968,84.182,84.375,84.545,84.699,84.841,84.972
Sao Tome and Principe,STP,61.365,62.017,62.687,63.359,64.02,64.659,65.27,65.854,66.412,66.938,67.43,67.885,68.306,68.695,69.052,69.377,69.67,69.933,70.17,70.385
Saudi Arabia,SAU,72.561,72.759,72.92,73.051,73.159,73.256,73.355,73.467,73.598,73.75,73.917,74.089,74.254,74.402,74.533,74.651,74.761,74.874,74.998,75.133
Senegal,SEN,57.787,58.177,58.675,59.259,59.912,60.62,61.365,62.126,62.88,63.607,64.284,64.898,65.448,65.939,66.37,66.747,67.078,67.38,67.665,67.941
Serbia,SRB,72.037,72.131,72.256,72.409,72.592,72.803,73.04,73.296,73.562,73.833,74.101,74.364,74.619,74.864,75.095,75.309,75.505,75.684,75.849,76.001
Seychelles,SYC,71.105,71.274,71.466,71.673,71.887,72.099,72.299,72.482,72.644,72.781,72.892,72.976,73.041,73.094,73.139,73.182,73.226,73.276,73.333,73.402
Sierra Leone,SLE,39.441,40.369,41.376,42.419,43.467,44.502,45.517,46.52,47.508,48.468,49.382,50.234,51.018,51.731,52.372,52.941,53.444,53.895,54.309,54.696
Singapore,SGP,77.969,78.413,78.891,79.372,79.839,80.275,80.667,81.015,81.325,81.595,81.833,82.048,82.254,82.459,82.667,82.877,83.083,83.279,83.458,83.62
Sint Maarten (Dutch part),SXM,75.786,75.935,76.104,76.288,76.485,76.689,76.895,77.097,77.291,77.474,77.643,77.799,77.946,78.086,78.223,78.36,78.5,78.644,78.794,78.951
Slovakia,SVK,73.288,73.497,73.695,73.886,74.074,74.267,74.473,74.698,74.945,75.212,75.493,75.782,76.067,76.34,76.595,76.827,77.034,77.219,77.388,77.542
Slovenia,SVN,75.924,76.219,76.532,76.866,77.22,77.591,77.973,78.355,78.729,79.087,79.421,79.725,80.001,80.25,80.474,80.673,80.852,81.016,81.172,81.324
Solomon Islands,SLB,67.442,67.816,68.175,68.518,68.845,69.158,69.462,69.762,70.063,70.366,70.674,70.985,71.296,71.601,71.896,72.173,72.424,72.645,72.835,72.996
Somalia,SOM,50.869,51.213,51.492,51.762,52.043,52.346,52.669,52.998,53.326,53.654,53.99,54.342,54.713,55.104,55.509,55.92,56.324,56.709,57.068,57.397
South Africa,ZAF,56.048,55.089,54.31,53.749,53.444,53.447,53.795,54.452,55.36,56.46,57.669,58.895,60.06,61.099,61.968,62.649,63.153,63.538,63.857,64.131
South Korea,KOR,76.047,76.499,76.96,77.426,77.892,78.354,78.806,79.243,79.66,80.056,80.432,80.79,81.137,81.472,81.795,82.1,82.379,82.628,82.846,83.033
South Sudan,SSD,49.166,49.592,50.05,50.55,51.095,51.686,52.315,52.96,53.6,54.219,54.8,55.325,55.791,56.2,56.552,56.855,57.12,57.365,57.604,57.846
Spain,ESP,79.329,79.56,79.797,80.041,80.293,80.553,80.821,81.094,81.367,81.638,81.9,82.149,82.384,82.601,82.801,82.981,83.145,83.294,83.433,83.565
Sri Lanka,LKA,71.333,72.233,73.085,73.799,74.337,74.695,74.904,75.037,75.157,75.286,75.439,75.614,75.796,75.974,76.147,76.316,76.482,76.648,76.812,76.978
Sudan,SDN,58.472,58.859,59.258,59.67,60.092,60.525,60.969,61.422,61.879,62.33,62.764,63.171,63.542,63.875,64.169,64.429,64.663,64.881,65.095,65.311
Suriname,SUR,67.822,67.913,68.064,68.28,68.555,68.877,69.227,69.579,69.91,70.209,70.465,70.676,70.851,71.002,71.133,71.249,71.358,71.463,71.57,71.682
Sweden,SWE,79.725,79.893,80.061,80.234,80.411,80.594,80.782,80.97,81.157,81.339,81.514,81.679,81.834,81.98,82.118,82.251,82.382,82.516,82.654,82.797
Switzerland,CHE,79.858,80.118,80.378,80.641,80.905,81.163,81.413,81.65,81.872,82.077,82.269,82.45,82.626,82.799,82.971,83.142,83.31,83.473,83.63,83.779
Syria,SYR,73.11,73.371,73.663,73.967,74.25,74.43,74.412,74.152,73.647,72.938,72.108,71.27,70.55,70.049,69.821,69.908,70.315,70.967,71.779,72.697
Taiwan,TWN,76.041,76.38,76.717,77.039,77.339,77.613,77.863,78.097,78.322,78.54,78.753,78.961,79.164,79.362,79.555,79.743,79.927,80.107,80.283,80.456
Tajikistan,TJK,61.974,62.807,63.653,64.496,65.314,66.08,66.771,67.382,67.911,68.36,68.736,69.055,69.34,69.609,69.874,70.137,70.397,70.647,70.879,71.097
Tanzania,TZA,50.801,51.444,52.142,52.866,53.602,54.349,55.119,55.926,56.777,57.666,58.584,59.525,60.47,61.398,62.288,63.111,63.844,64.479,65.015,65.456
Thailand,THA,70.623,70.832,71.089,71.389,71.728,72.099,72.499,72.916,73.341,73.766,74.184,74.593,74.992,75.378,75.747,76.091,76.403,76.683,76.931,77.15
Timor,TLS,59.002,59.945,60.901,61.888,62.893,63.882,64.803,65.61,66.276,66.796,67.186,67.477,67.72,67.953,68.197,68.459,68.735,69.007,69.26,69.495
Togo,TGO,53.491,53.554,53.71,53.938,54.234,54.602,55.052,55.581,56.178,56.818,57.468,58.092,58.661,59.16,59.58,59.927,60.22,60.489,60.76,61.042
Tokelau,TKL,77.803,77.98,78.144,78.304,78.468,78.644,78.839,79.055,79.291,79.543,79.808,80.078,80.344,80.599,80.84,81.065,81.275,81.476,81.67,81.86
Tonga,TON,69.667,69.725,69.771,69.803,69.822,69.836,69.852,69.878,69.921,69.982,70.059,70.148,70.242,70.335,70.427,70.517,70.607,70.701,70.801,70.907
Trinidad and Tobago,TTO,69.413,69.65,69.903,70.164,70.428,70.691,70.952,71.21,71.464,71.71,71.946,72.17,72.382,72.582,72.768,72.941,73.1,73.245,73.38,73.507
Tunisia,TUN,73.172,73.415,73.638,73.842,74.034,74.217,74.391,74.558,74.72,74.88,75.041,75.206,75.376,75.552,75.734,75.922,76.115,76.31,76.505,76.699
Turkey,TUR,70.005,70.56,71.078,71.559,72.004,72.424,72.83,73.235,73.649,74.074,74.507,74.944,75.373,75.784,76.172,76.532,76.86,77.161,77.437,77.691
Turkmenistan,TKM,63.613,63.842,64.101,64.386,64.693,65.017,65.354,65.695,66.031,66.355,66.657,66.928,67.167,67.375,67.552,67.704,67.835,67.956,68.073,68.191
Turks and Caicos Islands,TCA,76.914,77.05,77.167,77.33,77.556,77.841,78.16,78.465,78.724,78.929,79.081,79.191,79.282,79.374,79.475,79.594,79.732,79.884,80.048,80.222
Tuvalu,TUV,61.701,61.793,61.939,62.138,62.391,62.693,63.036,63.404,63.784,64.167,64.551,64.935,65.323,65.711,66.093,66.457,66.791,67.089,67.348,67.567
Uganda,UGA,46.229,47.22,48.299,49.421,50.554,51.676,52.784,53.887,54.984,56.06,57.099,58.087,59.017,59.881,60.669,61.373,61.986,62.516,62.973,63.368
Ukraine,UKR,67.258,67.267,67.288,67.317,67.361,67.451,67.625,67.909,68.306,68.802,69.361,69.932,70.464,70.918,71.276,71.535,71.711,71.84,71.953,72.065
United Arab Emirates,ARE,74.327,74.544,74.758,74.968,75.174,75.376,75.573,75.767,75.957,76.145,76.332,76.521,76.711,76.903,77.095,77.285,77.47,77.647,77.814,77.972
United Kingdom,GBR,77.761,78.011,78.268,78.529,78.79,79.052,79.316,79.584,79.85,80.11,80.352,80.564,80.739,80.876,80.978,81.052,81.111,81.168,81.236,81.321
United States,USA,76.812,76.962,77.124,77.299,77.486,77.685,77.892,78.101,78.303,78.49,78.652,78.777,78.862,78.909,78.922,78.91,78.885,78.861,78.851,78.862
United States Virgin Islands,VIR,76.623,76.808,76.974,77.124,77.267,77.415,77.587,77.791,78.031,78.305,78.602,78.907,79.2,79.469,79.707,79.914,80.094,80.26,80.421,80.583
Uruguay,URY,74.731,74.939,75.152,75.373,75.599,75.826,76.046,76.251,76.437,76.603,76.75,76.882,77.004,77.124,77.244,77.369,77.498,77.632,77.77,77.911
Uzbekistan,UZB,67.156,67.374,67.613,67.868,68.135,68.407,68.676,68.939,69.193,69.435,69.672,69.91,70.155,70.41,70.671,70.928,71.171,71.388,71.573,71.725
Vanuatu,VUT,67.363,67.583,67.793,67.99,68.176,68.35,68.515,68.672,68.824,68.974,69.123,69.272,69.421,69.57,69.719,69.869,70.021,70.172,70.323,70.474
Vatican,VAT,70.234,70.549,70.853,71.148,71.437,71.721,72.004,72.286,72.566,72.845,73.12,73.388,73.645,73.891,74.124,74.344,74.551,74.749,74.94,75.125
Venezuela,VEN,72.112,72.294,72.466,72.618,72.746,72.852,72.938,73.01,73.071,73.116,73.134,73.11,73.037,72.918,72.762,72.584,72.405,72.246,72.128,72.064
Vietnam,VNM,73.025,73.228,73.438,73.654,73.875,74.092,74.295,74.474,74.625,74.745,74.837,74.904,74.958,75.006,75.056,75.11,75.172,75.241,75.317,75.4
Wallis and Futuna,WLF,76.653,76.342,76.091,75.963,75.986,76.165,76.48,76.871,77.283,77.69,78.066,78.394,78.677,78.921,79.127,79.3,79.454,79.605,79.767,79.944
Western Sahara,ESH,62.615,63.136,63.646,64.143,64.625,65.094,65.557,66.017,66.475,66.929,67.372,67.797,68.196,68.565,68.904,69.213,69.496,69.762,70.017,70.263
World,OWID_WRL,66.276,66.57,66.885,67.22,67.572,67.941,68.327,68.725,69.13,69.535,69.934,70.32,70.69,71.039,71.364,71.661,71.928,72.169,72.386,72.584
Yemen,YEM,60.683,61.216,61.781,62.358,62.931,63.481,63.997,64.47,64.892,65.255,65.549,65.768,65.92,66.016,66.066,66.085,66.087,66.086,66.096,66.125
Zambia,ZMB,44,44.615,45.4,46.322,47.354,48.496,49.757,51.134,52.606,54.13,55.655,57.126,58.502,59.746,60.831,61.737,62.464,63.043,63.51,63.886
Zimbabwe,ZWE,44.649,44.01,43.523,43.195,43.065,43.241,43.853,44.947,46.504,48.449,50.64,52.896,55.032,56.897,58.41,59.534,60.294,60.812,61.195,61.49
